\c mbti_db

insert into MBTI.Types(typeuk, typename, typedescription) values(2,'ENTJ','A Commander (ENTJ) is someone with the Extraverted, Intuitive, Thinking, and Judging personality traits. They are decisive people who love momentum and accomplishment. They gather information to construct their creative visions but rarely hesitate for long before acting on them.');                                  
insert into MBTI.Types(typeuk, typename, typedescription) values(3,'INTJ','An Architect (INTJ) is a person with the Introverted, Intuitive, Thinking, and Judging personality traits. These thoughtful tacticians love perfecting the details of life, applying creativity and rationality to everything they do. Their inner world is often a private, complex one.');                                
insert into MBTI.Types(typeuk, typename, typedescription) values(1,'ENTP','A Debater (ENTP) is a person with the Extraverted, Intuitive, Thinking, and Prospecting personality traits. They tend to be bold and creative, deconstructing and rebuilding ideas with great mental agility. They pursue their goals vigorously despite any resistance they might encounter.');                            
insert into MBTI.Types(typeuk, typename, typedescription) values(4,'INTP','A Logician (INTP) is someone with the Introverted, Intuitive, Thinking, and Prospecting personality traits. These flexible thinkers enjoy taking an unconventional approach to many aspects of life. They often seek out unlikely paths, mixing willingness to experiment with personal creativity.');                      
insert into MBTI.Types(typeuk, typename, typedescription) values(5,'ENFP','A Campaigner (ENFP) is someone with the Extraverted, Intuitive, Feeling, and Prospecting personality traits. These people tend to embrace big ideas and actions that reflect their sense of hope and goodwill toward others. Their vibrant energy can flow in many directions.');                                           
insert into MBTI.Types(typeuk, typename, typedescription) values(6,'ENFJ','A Protagonist (ENFJ) is a person with the Extraverted, Intuitive, Feeling, and Judging personality traits. These warm, forthright MBTI.Types love helping others, and they tend to have strong ideas and values. They back their perspective with the creative energy to achieve their goals.');                                 
insert into MBTI.Types(typeuk, typename, typedescription) values(7,'INFP','A Mediator (INFP) is someone who possesses the Introverted, Intuitive, Feeling, and Prospecting personality traits. These rare personality MBTI.Types tend to be quiet, open-minded, and imaginative, and they apply a caring and creative approach to everything they do.');                                                    
insert into MBTI.Types(typeuk, typename, typedescription) values(8,'INFJ','An Advocate (INFJ) is someone with the Introverted, Intuitive, Feeling, and Judging personality traits. They tend to approach life with deep thoughtfulness and imagination. Their inner vision, personal values, and a quiet, principled version of humanism guide them in all things.');                                  
insert into MBTI.Types(typeuk, typename, typedescription) values(9,'ESFJ','A Consul (ESFJ) is a person with the Extraverted, Observant, Feeling, and Judging personality traits. They are attentive and people-focused, and they enjoy taking part in their social community. Their achievements are guided by decisive values, and they willingly offer guidance to others.');                        
insert into MBTI.Types(typeuk, typename, typedescription) values(10,'ESTJ','An Executive (ESTJ) is someone with the Extraverted, Observant, Thinking, and Judging personality traits. They possess great fortitude, emphatically following their own sensible judgment. They often serve as a stabilizing force among others, able to offer solid direction amid adversity.');                         
insert into MBTI.Types(typeuk, typename, typedescription) values(11,'ISFJ','A Defender (ISFJ) is someone with the Introverted, Observant, Feeling, and Judging personality traits. These people tend to be warm and unassuming in their own steady way. They’re efficient and responsible, giving careful attention to practical details in their daily lives.');                                      
insert into MBTI.Types(typeuk, typename, typedescription) values(12,'ISTJ','A Logistician (ISTJ) is someone with the Introverted, Observant, Thinking, and Judging personality traits. These people tend to be reserved yet willful, with a rational outlook on life. They compose their actions carefully and carry them out with methodical purpose.');                                              
insert into MBTI.Types(typeuk, typename, typedescription) values(13,'ESFP','An Entertainer (ESFP) is a person with the Extraverted, Observant, Feeling, and Prospecting personality traits. These people love vibrant experiences, engaging in life eagerly and taking pleasure in discovering the unknown. They can be very social, often encouraging others into shared activities.');               
insert into MBTI.Types(typeuk, typename, typedescription) values(14,'ESTP','An Entrepreneur (ESTP) is someone with the Extraverted, Observant, Thinking, and Prospecting personality traits. They tend to be energetic and action-oriented, deftly navigating whatever is in front of them. They love uncovering life’s opportunities, whether socializing with others or in more personal pursuits.');
insert into MBTI.Types(typeuk, typename, typedescription) values(15,'ISFP','An Adventurer (ISFP) is a person with the Introverted, Observant, Feeling, and Prospecting personality traits. They tend to have open minds, approaching life, new experiences, and people with grounded warmth. Their ability to stay in the moment helps them uncover exciting potentials.');                            
insert into MBTI.Types(typeuk, typename, typedescription) values(16,'ISTP','A Virtuoso (ISTP) is someone with the Introverted, Observant, Thinking, and Prospecting personality traits. They tend to have an individualistic mindset, pursuing goals without needing much external connection. They engage in life with inquisitiveness and personal skill, varying their approach as needed.');       

insert into MBTI.Users(useruk, login, password, nickname, email, telagram, typeuk, dateofbirth) values(1,'lena', '123', 'lena', 'string', '@helenafro', 1,'2002-01-01');  
insert into MBTI.Users(useruk, login, password, nickname, email, telagram, typeuk, dateofbirth) values(2,'nastyaART', '1234', 'Anasteisha', 'nastya@mail.ru', '@nastyart', 5,'2022-01-01');     
insert into MBTI.Users(useruk, login, password, nickname, email, telagram, typeuk, dateofbirth) values(3,'lucyfro', '2004', 'lucyfro', 'lucy@gmail.cpom', '@lucyfro', 6,'2004-04-20');                                

insert into MBTI.Characters(characteruk, charactername, typeuk, category) values(1,'Armin Arlert', 8,'Anime');           
insert into MBTI.Characters(characteruk, charactername, typeuk, category) values(2,'Andrew Garfield', 7,'Actors');       
insert into MBTI.Characters(characteruk, charactername, typeuk, category) values(3,'Rhaenyra Targaryen', 13,'TV Shows'); 
insert into MBTI.Characters(characteruk, charactername, typeuk, category) values(4,'Aemond Targaryen', 2,'TV Shows');    
insert into MBTI.Characters(characteruk, charactername, typeuk, category) values(5,'Dan Humphrey', 8,'TV Shows');        
insert into MBTI.Characters(characteruk, charactername, typeuk, category) values(6,'Squidward Tentacles', 12,'Cartoons');
insert into MBTI.Characters(characteruk, charactername, typeuk, category) values(7,'Mikasa Ackerman', 12,'Anime');       
insert into MBTI.Characters(characteruk, charactername, typeuk, category) values(8,'Megumi Fushiguro', 12,'Anime');      
insert into MBTI.Characters(characteruk, charactername, typeuk, category) values(9,'Kageyama Tobio', 12,'Anime');        
insert into MBTI.Characters(characteruk, charactername, typeuk, category) values(10,'Hermione Granger', 10,'Movies');    
insert into MBTI.Characters(characteruk, charactername, typeuk, category) values(11,'Jungkook', 15,'Music');   
 
insert into MBTI.Characters(characteruk, charactername, typeuk, category) values(12,'Sherlock Holmes', 4,'TV Shows');    
insert into MBTI.Characters(characteruk, charactername, typeuk, category) values(13,'Patrick Star', 4,'Cartoons');    
insert into MBTI.Characters(characteruk, charactername, typeuk, category) values(14,'Bill Gates', 4,'Famous People');    
insert into MBTI.Characters(characteruk, charactername, typeuk, category) values(15,'Albert Einstein', 4,'Famous People');    
insert into MBTI.Characters(characteruk, charactername, typeuk, category) values(16,'L', 4,'Anime');    
insert into MBTI.Characters(characteruk, charactername, typeuk, category) values(17,'Zeke Yeager', 4,'Anime');    

insert into MBTI.Characters(characteruk, charactername, typeuk, category) values(18,'Satoru Gojo', 1,'Anime');  
insert into MBTI.Characters(characteruk, charactername, typeuk, category) values(19,'Osamu Dazai', 1,'Anime');  
insert into MBTI.Characters(characteruk, charactername, typeuk, category) values(20,'Tony Stark', 1,'Movies');  
insert into MBTI.Characters(characteruk, charactername, typeuk, category) values(21,'Hange Zoë', 1,'Anime');  
insert into MBTI.Characters(characteruk, charactername, typeuk, category) values(22,'The Joker', 1,'Movies');  
insert into MBTI.Characters(characteruk, charactername, typeuk, category) values(23,'Kuroo Tetsurou', 1,'Anime'); 
insert into MBTI.Characters(characteruk, charactername, typeuk, category) values(109,'Himeno', 1,'Anime');  

insert into MBTI.Characters(characteruk, charactername, typeuk, category) values(24,'Light Yagami', 2,'Anime');  
insert into MBTI.Characters(characteruk, charactername, typeuk, category) values(25,'Thomas Shelby', 2,'TV Shows');  
insert into MBTI.Characters(characteruk, charactername, typeuk, category) values(26,'Erwin Smith', 2,'Anime');  
insert into MBTI.Characters(characteruk, charactername, typeuk, category) values(27,'Ryomen Sukuna', 2,'Anime');  
insert into MBTI.Characters(characteruk, charactername, typeuk, category) values(28,'Steve Jobs', 2,'Famous People');  
insert into MBTI.Characters(characteruk, charactername, typeuk, category) values(29,'Napoléon Bonaparte', 2,'Famous People'); 

insert into MBTI.Characters(characteruk, charactername, typeuk, category) values(30,'Elon Musk', 3,'Famous People');  
insert into MBTI.Characters(characteruk, charactername, typeuk, category) values(31,'Wednesday Addams', 3,'TV Shows');  
insert into MBTI.Characters(characteruk, charactername, typeuk, category) values(32,'Kurapika', 3,'Anime');  
insert into MBTI.Characters(characteruk, charactername, typeuk, category) values(33,'Elizabeth "Beth" Harmon', 3,'TV Shows');  
insert into MBTI.Characters(characteruk, charactername, typeuk, category) values(34,'Nikola Tesla', 3,'Famous People');  
insert into MBTI.Characters(characteruk, charactername, typeuk, category) values(35,'Mark Zuckerberg', 3,'Famous People');  

insert into MBTI.Characters(characteruk, charactername, typeuk, category) values(36,'Jinx', 5,'Cartoons');  
insert into MBTI.Characters(characteruk, charactername, typeuk, category) values(37,'Naruto Uzumaki', 5,'Anime');  
insert into MBTI.Characters(characteruk, charactername, typeuk, category) values(38,'Anne Shirley-Cuthbert', 5,'TV Shows');  
insert into MBTI.Characters(characteruk, charactername, typeuk, category) values(39,'Anya Forger', 5,'Anime');  
insert into MBTI.Characters(characteruk, charactername, typeuk, category) values(40,'Willy Wonka', 5,'Movies');  
insert into MBTI.Characters(characteruk, charactername, typeuk, category) values(41,'Olaf', 5,'Cartoons');

insert into MBTI.Characters(characteruk, charactername, typeuk, category) values(42,'Makima', 6,'Anime');  
insert into MBTI.Characters(characteruk, charactername, typeuk, category) values(43,'Oikawa Tooru', 6,'Anime');  
insert into MBTI.Characters(characteruk, charactername, typeuk, category) values(44,'Tanjiro Kamado', 6,'Anime');  
insert into MBTI.Characters(characteruk, charactername, typeuk, category) values(45,'Kyōjurō Rengoku', 6,'Anime');  
insert into MBTI.Characters(characteruk, charactername, typeuk, category) values(46,'Harry Styles', 6,'Music');  
insert into MBTI.Characters(characteruk, charactername, typeuk, category) values(47,'Joy', 6,'Cartoons'); 

insert into MBTI.Characters(characteruk, charactername, typeuk, category) values(48,'Princess Diana of Wales', 7,'Famous People');  
insert into MBTI.Characters(characteruk, charactername, typeuk, category) values(49,'Luna Lovegood', 7,'Movies');  
insert into MBTI.Characters(characteruk, charactername, typeuk, category) values(50,'Dr. Heinz Doofenshmirtz', 7,'Cartoons');  
insert into MBTI.Characters(characteruk, charactername, typeuk, category) values(51,'Kaneki Ken', 7,'Anime');  
insert into MBTI.Characters(characteruk, charactername, typeuk, category) values(52,'Mitsuri Kanroji', 7,'Anime');  
insert into MBTI.Characters(characteruk, charactername, typeuk, category) values(53,'Sadness', 7,'Cartoons');  

insert into MBTI.Characters(characteruk, charactername, typeuk, category) values(54,'Elsa', 8,'Cartoons');  
insert into MBTI.Characters(characteruk, charactername, typeuk, category) values(55,'Izuku Midoriya "Deku"', 8,'Anime');  
insert into MBTI.Characters(characteruk, charactername, typeuk, category) values(56,'Joe Goldberg', 8,'TV Shows');  
insert into MBTI.Characters(characteruk, charactername, typeuk, category) values(57,'Yuta Okkotsu', 8,'Anime');  
insert into MBTI.Characters(characteruk, charactername, typeuk, category) values(58,'Jesus', 8,'Famous People');  
insert into MBTI.Characters(characteruk, charactername, typeuk, category) values(59,'Adolf Hitler', 8,'Famous People');  

insert into MBTI.Characters(characteruk, charactername, typeuk, category) values(60,'SpongeBob SquarePants', 9,'Cartoons');  
insert into MBTI.Characters(characteruk, charactername, typeuk, category) values(61,'Taylor Swift', 9,'Music');  
insert into MBTI.Characters(characteruk, charactername, typeuk, category) values(62,'Reiner Braun', 9,'Anime');  
insert into MBTI.Characters(characteruk, charactername, typeuk, category) values(63,'Leorio Paradinightn', 9,'Anime');  
insert into MBTI.Characters(characteruk, charactername, typeuk, category) values(64,'Sansa Stark', 9,'TV Shows');  
insert into MBTI.Characters(characteruk, charactername, typeuk, category) values(65,'Thoma', 9,'Video Games');  

insert into MBTI.Characters(characteruk, charactername, typeuk, category) values(66,'Hermione Granger', 10,'Movies');  
insert into MBTI.Characters(characteruk, charactername, typeuk, category) values(67,'Regina George', 10,'Movies');  
insert into MBTI.Characters(characteruk, charactername, typeuk, category) values(68,'Nobara Kugisaki', 10,'Anime');  
insert into MBTI.Characters(characteruk, charactername, typeuk, category) values(69,'Draco Malfoy', 10,'Movies');  
insert into MBTI.Characters(characteruk, charactername, typeuk, category) values(70,'Maki Zenin', 10,'Anime');  
insert into MBTI.Characters(characteruk, charactername, typeuk, category) values(71,'Blair Waldorf', 10,'TV Shows');  
insert into MBTI.Characters(characteruk, charactername, typeuk, category) values(72,'Jean Kirstein', 10,'Anime');  

insert into MBTI.Characters(characteruk, charactername, typeuk, category) values(73,'Steve Rogers "Captain America"', 11,'Movies');  
insert into MBTI.Characters(characteruk, charactername, typeuk, category) values(74,'Yor Forger "Thorn Princess"', 11,'Anime');  
insert into MBTI.Characters(characteruk, charactername, typeuk, category) values(75,'Kobeni Higashiyama', 11,'Anime');  
insert into MBTI.Characters(characteruk, charactername, typeuk, category) values(76,'Rory Gilmore', 11,'TV Shows');  
insert into MBTI.Characters(characteruk, charactername, typeuk, category) values(77,'Morticia Addams', 11,'TV Shows');  
insert into MBTI.Characters(characteruk, charactername, typeuk, category) values(78,'Fear', 11,'Cartoons');  

insert into MBTI.Characters(characteruk, charactername, typeuk, category) values(79,'Sheldon Cooper', 12,'TV Shows');  
insert into MBTI.Characters(characteruk, charactername, typeuk, category) values(80,'Zhongli', 12,'Video Games');  
insert into MBTI.Characters(characteruk, charactername, typeuk, category) values(81,'Kento Nanami', 12,'Anime');  
insert into MBTI.Characters(characteruk, charactername, typeuk, category) values(82,'Violet Evergarden', 12,'Anime');  
insert into MBTI.Characters(characteruk, charactername, typeuk, category) values(83,'Darth Vader', 12,'Movies');  
insert into MBTI.Characters(characteruk, charactername, typeuk, category) values(108,'Aki Hayakawa', 12,'Anime');  

insert into MBTI.Characters(characteruk, charactername, typeuk, category) values(84,'Gon Freecss', 13,'Anime');  
insert into MBTI.Characters(characteruk, charactername, typeuk, category) values(85,'Power', 13,'Anime');  
insert into MBTI.Characters(characteruk, charactername, typeuk, category) values(86,'Hinata Shoyo', 13,'Anime');  
insert into MBTI.Characters(characteruk, charactername, typeuk, category) values(87,'Steve Harrington', 13,'TV Shows');  
insert into MBTI.Characters(characteruk, charactername, typeuk, category) values(88,'Bokuto Koutarou', 13,'Anime');  
insert into MBTI.Characters(characteruk, charactername, typeuk, category) values(89,'Nishinoya Yuu', 13,'Anime');  

insert into MBTI.Characters(characteruk, charactername, typeuk, category) values(90,'Denji', 14,'Anime');  
insert into MBTI.Characters(characteruk, charactername, typeuk, category) values(91,'Chuuya Nakahara', 14,'Anime');  
insert into MBTI.Characters(characteruk, charactername, typeuk, category) values(92,'Chuuya Nakahara', 14,'Anime');  
insert into MBTI.Characters(characteruk, charactername, typeuk, category) values(93,'Tartaglia', 14,'Video Games');  
insert into MBTI.Characters(characteruk, charactername, typeuk, category) values(94,'Toji Fushiguro', 14,'Anime');  
insert into MBTI.Characters(characteruk, charactername, typeuk, category) values(95,'Tendou Satori', 14,'Anime');  

insert into MBTI.Characters(characteruk, charactername, typeuk, category) values(96,'Eren Yeager', 15,'Anime');  
insert into MBTI.Characters(characteruk, charactername, typeuk, category) values(97,'Ryunosuke Akutagawa', 15,'Anime');  
insert into MBTI.Characters(characteruk, charactername, typeuk, category) values(98,'Elizabeth "Effy" Stonem', 15,'TV Shows');  
insert into MBTI.Characters(characteruk, charactername, typeuk, category) values(99,'Yuji Itadori', 15,'Anime');  
insert into MBTI.Characters(characteruk, charactername, typeuk, category) values(100,'Zenitsu Agatsuma', 15,'Anime');  
insert into MBTI.Characters(characteruk, charactername, typeuk, category) values(101,'Lady Gaga', 15,'Music');  

insert into MBTI.Characters(characteruk, charactername, typeuk, category) values(102,'Levi Ackerman', 16,'Anime');  
insert into MBTI.Characters(characteruk, charactername, typeuk, category) values(103,'Annie Leonhart', 16,'Anime');  
insert into MBTI.Characters(characteruk, charactername, typeuk, category) values(104,'Ferb Fletcher', 16,'Cartoons');  
insert into MBTI.Characters(characteruk, charactername, typeuk, category) values(105,'Perry the Platypus', 16,'Cartoons');  
insert into MBTI.Characters(characteruk, charactername, typeuk, category) values(106,'Katniss Everdeen', 16,'Movies');  
insert into MBTI.Characters(characteruk, charactername, typeuk, category) values(107,'Shrek', 16,'Cartoons');  
